{
    "location_Cooktop_count": 0.05241517022900923,
    "transition_Cooktop_to_Microwave": 0.04618589472797934,
    "transition_Cupboard_to_Cooktop": 0.04540948223339262,
    "location_Cooktop_ratio": 0.03905293502227778,
    "type_Electric_ratio": 0.03643788815927335,
    "location_Toaster_ratio": 0.035604801307828435,
    "type_Electric_count": 0.03526365080007897,
    "location_Toaster_count": 0.03517972857840915,
    "location_Cabinet_count": 0.03400950934247764,
    "transition_Cabinet_to_Basin": 0.0315700231413558,
    "location_Microwave_ratio": 0.03042672668026471,
    "location_Cabinet_ratio": 0.02841125660194922,
    "location_Microwave_count": 0.027843930643893747,
    "transition_Toaster_to_Cupboard": 0.026845053199387167,
    "transition_Fridge_to_Microwave": 0.02539128143512794
}